{"resourceId":4,"properties":{"process_id":"DropdownMenuvariabletest","name":"DropdownMenu variable test","documentation":"DropdownMenu variable test","process_author":"","process_version":"","process_namespace":"http://www.activiti.org/processdef","executionlisteners":"{\"executionListeners\":[]}","eventlisteners":"{\"eventListeners\":[]}","signaldefinitions":"[]","messagedefinitions":"[]","executionvariables":"[{\"variableName\":\"name\",\"variableType\":\"string\",\"$$hashKey\":\"uiGrid-0031\"},{\"variableName\":\"urlVariable\",\"variableType\":\"string\",\"$$hashKey\":\"uiGrid-0033\"},{\"variableName\":\"test\",\"variableType\":\"string\",\"$$hashKey\":\"uiGrid-0035\"},{\"variableName\":\"managerid\",\"variableType\":\"string\",\"$$hashKey\":\"uiGrid-0037\"},{\"variableName\":\"ownerid\",\"variableType\":\"string\",\"$$hashKey\":\"uiGrid-0039\"},{\"variableName\":\"website\",\"variableType\":\"string\",\"$$hashKey\":\"uiGrid-003B\"},{\"variableName\":\"testcalendar\",\"variableType\":\"string\",\"$$hashKey\":\"uiGrid-003D\"},{\"variableName\":\"theirwebsite\",\"variableType\":\"string\",\"$$hashKey\":\"uiGrid-003F\"},{\"variableName\":\"client_secret\",\"variableType\":\"string\",\"$$hashKey\":\"uiGrid-003H\"},{\"variableName\":\"host\",\"variableType\":\"string\",\"$$hashKey\":\"uiGrid-003J\"},{\"variableName\":\"username\",\"variableType\":\"string\",\"$$hashKey\":\"uiGrid-003L\"},{\"variableName\":\"password\",\"variableType\":\"string\",\"$$hashKey\":\"uiGrid-003N\"},{\"variableName\":\"client_id\",\"variableType\":\"string\",\"$$hashKey\":\"uiGrid-003P\"},{\"variableName\":\"name2\",\"variableType\":\"string\",\"$$hashKey\":\"uiGrid-003R\"},{\"variableName\":\"account_id\",\"variableType\":\"string\",\"$$hashKey\":\"uiGrid-003T\"},{\"variableName\":\"Phone\",\"variableType\":\"string\",\"$$hashKey\":\"uiGrid-003V\"},{\"variableName\":\"Fax\",\"variableType\":\"string\",\"$$hashKey\":\"uiGrid-003X\"},{\"variableName\":\"AccountNumber\",\"variableType\":\"string\",\"$$hashKey\":\"uiGrid-003Z\"},{\"variableName\":\"Sic\",\"variableType\":\"string\",\"$$hashKey\":\"uiGrid-0041\"},{\"variableName\":\"Industry\",\"variableType\":\"string\",\"$$hashKey\":\"uiGrid-0043\"},{\"variableName\":\"Photo\",\"variableType\":\"string\",\"$$hashKey\":\"uiGrid-0045\"},{\"variableName\":\"newDate\",\"variableType\":\"date\",\"$$hashKey\":\"uiGrid-0047\"},{\"variableName\":\"ownerName\",\"variableType\":\"string\",\"$$hashKey\":\"uiGrid-005F\"}]","metadata":""},"stencil":{"id":"BPMNDiagram"},"childShapes":[{"resourceId":"startEvent1","properties":{"overrideid":"startEvent1","name":"","documentation":"","executionlisteners":{"executionListeners":[]},"initiator":"","formkeydefinition":"","formreference":"","fieldstovariables":"","formproperties":"","asynchronousdefinition":false,"exclusivedefinition":false},"stencil":{"id":"StartNoneEvent"},"childShapes":[],"outgoing":[{"resourceId":"sid-BC84DA97-5474-40F7-811C-C413F719A2BB"}],"bounds":{"lowerRight":{"x":-125,"y":493},"upperLeft":{"x":-155,"y":463}},"dockers":[]},{"resourceId":"sid-2555F2D8-17E9-437E-B31A-FE50FB79476C","properties":{"overrideid":"sid-2555F2D8-17E9-437E-B31A-FE50FB79476C","name":"","documentation":"","asynchronousdefinition":false,"exclusivedefinition":false,"executionlisteners":{"executionListeners":[]},"multiinstance_type":"None","multiinstance_cardinality":"","multiinstance_collection":"","multiinstance_variable":"","multiinstance_condition":"","isforcompensation":false,"usertasksendemail":false,"usertaskassignment":{"assignment":{"type":"static","assignee":"$INITIATOR","initiatorCanCompleteTask":true}},"formkeydefinition":"","formreference":{"id":1,"name":"Test","referenceId":4},"fieldstovariables":"","duedatedefinition":"","prioritydefinition":"","categorydefinition":"","formproperties":{"formProperties":[{"id":"host","name":"host","type":"string","expression":null,"variable":"host","required":false,"readable":true,"writable":true},{"id":"username","name":"username","type":"string","expression":null,"variable":"username","required":false,"readable":true,"writable":true},{"id":"password","name":"password","type":"string","expression":null,"variable":"password","required":false,"readable":true,"writable":true},{"id":"client_id","name":"client_id","type":"string","expression":null,"variable":"client_id","required":false,"readable":true,"writable":true},{"id":"client_secret","name":"client_secret","type":"string","expression":null,"variable":"client_secret","required":false,"readable":true,"writable":true}]},"tasklisteners":{"taskListeners":[]},"emailtemplate":""},"stencil":{"id":"UserTask"},"childShapes":[],"outgoing":[{"resourceId":"sid-4A4903FA-D463-4438-8A2E-75C4957420DB"}],"bounds":{"lowerRight":{"x":187,"y":537},"upperLeft":{"x":55,"y":405}},"dockers":[]},{"resourceId":"sid-EA6A36AA-AB09-4E36-BE57-7001DC9BA361","properties":{"overrideid":"sid-EA6A36AA-AB09-4E36-BE57-7001DC9BA361","name":"","documentation":"","asynchronousdefinition":false,"exclusivedefinition":false,"executionlisteners":{"executionListeners":[]},"multiinstance_type":"None","multiinstance_cardinality":"","multiinstance_collection":"","multiinstance_variable":"","multiinstance_condition":"","isforcompensation":false,"servicetaskclass":"my.Test.MyJavaDelegate10","servicetaskexpression":"","servicetaskdelegateexpression":"","servicetaskfields":{"fields":[{"name":"name"}]},"servicetaskresultvariable":"","executionvariables":""},"stencil":{"id":"ServiceTask"},"childShapes":[],"outgoing":[{"resourceId":"sid-774EC025-0BB5-4E91-8179-2288BED7EF17"}],"bounds":{"lowerRight":{"x":365,"y":520},"upperLeft":{"x":265,"y":440}},"dockers":[]},{"resourceId":"sid-64E15B94-A251-4709-86B2-E6B812161920","properties":{"overrideid":"sid-64E15B94-A251-4709-86B2-E6B812161920","name":"","documentation":"","executionlisteners":{"executionListeners":[]},"asynchronousdefinition":false,"exclusivedefinition":false},"stencil":{"id":"EndNoneEvent"},"childShapes":[],"outgoing":[],"bounds":{"lowerRight":{"x":819.75,"y":658},"upperLeft":{"x":791.75,"y":630}},"dockers":[]},{"resourceId":"sid-5CAFC0F0-98F7-421D-8E50-23A7EE9FEFB7","properties":{"overrideid":"sid-5CAFC0F0-98F7-421D-8E50-23A7EE9FEFB7","name":"","documentation":"","asynchronousdefinition":false,"exclusivedefinition":false,"executionlisteners":{"executionListeners":[]},"multiinstance_type":"None","multiinstance_cardinality":"","multiinstance_collection":"","multiinstance_variable":"","multiinstance_condition":"","isforcompensation":false,"servicetaskclass":"my.Test.Salesforce","servicetaskexpression":"","servicetaskdelegateexpression":"","servicetaskfields":{"fields":[]},"servicetaskresultvariable":"","executionvariables":""},"stencil":{"id":"ServiceTask"},"childShapes":[],"outgoing":[{"resourceId":"sid-14EFA3BD-51C3-4D9F-A553-C7412B1C5C64"}],"bounds":{"lowerRight":{"x":20,"y":365},"upperLeft":{"x":-80,"y":285}},"dockers":[]},{"resourceId":"sid-BC84DA97-5474-40F7-811C-C413F719A2BB","properties":{"overrideid":"sid-BC84DA97-5474-40F7-811C-C413F719A2BB","name":"","documentation":"","conditionsequenceflow":"","executionlisteners":{"executionListeners":[]},"defaultflow":"false"},"stencil":{"id":"SequenceFlow"},"childShapes":[],"outgoing":[{"resourceId":"sid-5CAFC0F0-98F7-421D-8E50-23A7EE9FEFB7"}],"bounds":{"lowerRight":{"x":-58.94312039047242,"y":465.23493822961564},"upperLeft":{"x":-130.82250460952758,"y":365.25724927038436}},"dockers":[{"x":15,"y":15},{"x":50,"y":40}],"target":{"resourceId":"sid-5CAFC0F0-98F7-421D-8E50-23A7EE9FEFB7"}},{"resourceId":"sid-958FA396-DF6D-46C7-8AD6-DFEAFDA2EACC","properties":{"overrideid":"sid-958FA396-DF6D-46C7-8AD6-DFEAFDA2EACC","name":"","documentation":"","asynchronousdefinition":false,"exclusivedefinition":false,"executionlisteners":{"executionListeners":[]},"multiinstance_type":"None","multiinstance_cardinality":"","multiinstance_collection":"","multiinstance_variable":"","multiinstance_condition":"","isforcompensation":false,"servicetaskclass":"my.Test.MyJavaDelegate11","servicetaskexpression":"","servicetaskdelegateexpression":"","servicetaskfields":{"fields":[]},"servicetaskresultvariable":"","executionvariables":""},"stencil":{"id":"ServiceTask"},"childShapes":[],"outgoing":[{"resourceId":"sid-CC9522A7-89CA-4C03-B9FD-9E63733866BD"}],"bounds":{"lowerRight":{"x":809.2221984863281,"y":140},"upperLeft":{"x":709.2221984863281,"y":60}},"dockers":[]},{"resourceId":"sid-941520C7-27AC-45DF-80A7-8FD8C7A19DB7","properties":{"overrideid":"sid-941520C7-27AC-45DF-80A7-8FD8C7A19DB7","name":"","documentation":"","asynchronousdefinition":false,"exclusivedefinition":false,"executionlisteners":{"executionListeners":[]},"multiinstance_type":"None","multiinstance_cardinality":"","multiinstance_collection":"","multiinstance_variable":"","multiinstance_condition":"","isforcompensation":false,"usertasksendemail":true,"usertaskassignment":{"assignment":{"type":"idm","idm":{"type":"initiator"},"initiatorCanCompleteTask":false}},"formkeydefinition":"","formreference":{"id":3,"name":"form2","referenceId":4,"variablesmapping":[]},"fieldstovariables":"","duedatedefinition":"","prioritydefinition":"","categorydefinition":"","formproperties":"","tasklisteners":{"taskListeners":[]},"emailtemplate":""},"stencil":{"id":"UserTask"},"childShapes":[],"outgoing":[{"resourceId":"sid-E045E7C4-ED59-49F4-94A5-D1D973727B68"}],"bounds":{"lowerRight":{"x":954.2221984863281,"y":291.33333587646484},"upperLeft":{"x":854.2221984863281,"y":211.33333587646484}},"dockers":[]},{"resourceId":"sid-E045E7C4-ED59-49F4-94A5-D1D973727B68","properties":{"overrideid":"sid-E045E7C4-ED59-49F4-94A5-D1D973727B68","name":"","documentation":"","conditionsequenceflow":"","executionlisteners":{"executionListeners":[]},"defaultflow":"false"},"stencil":{"id":"SequenceFlow"},"childShapes":[],"outgoing":[{"resourceId":"sid-64E15B94-A251-4709-86B2-E6B812161920"}],"bounds":{"lowerRight":{"x":893.9778699373205,"y":629.9922750102309},"upperLeft":{"x":809.2628306056063,"y":292.18350860905383}},"dockers":[{"x":50,"y":40},{"x":14,"y":14}],"target":{"resourceId":"sid-64E15B94-A251-4709-86B2-E6B812161920"}},{"resourceId":"sid-14EFA3BD-51C3-4D9F-A553-C7412B1C5C64","properties":{"overrideid":"sid-14EFA3BD-51C3-4D9F-A553-C7412B1C5C64","name":"","documentation":"","conditionsequenceflow":"","executionlisteners":{"executionListeners":[]},"defaultflow":"false"},"stencil":{"id":"SequenceFlow"},"childShapes":[],"outgoing":[{"resourceId":"sid-2555F2D8-17E9-437E-B31A-FE50FB79476C"}],"bounds":{"lowerRight":{"x":54.80843468284086,"y":407.00020836883954},"upperLeft":{"x":12.007971567159137,"y":365.61697913116046}},"dockers":[{"x":50,"y":40},{"x":66,"y":66}],"target":{"resourceId":"sid-2555F2D8-17E9-437E-B31A-FE50FB79476C"}},{"resourceId":"sid-CC9522A7-89CA-4C03-B9FD-9E63733866BD","properties":{"overrideid":"sid-CC9522A7-89CA-4C03-B9FD-9E63733866BD","name":"","documentation":"","conditionsequenceflow":"","executionlisteners":{"executionListeners":[]},"defaultflow":"false"},"stencil":{"id":"SequenceFlow"},"childShapes":[],"outgoing":[{"resourceId":"sid-941520C7-27AC-45DF-80A7-8FD8C7A19DB7"}],"bounds":{"lowerRight":{"x":904.2221984863281,"y":211.31771022081375},"upperLeft":{"x":810.0659484863281,"y":100}},"dockers":[{"x":50,"y":40},{"x":904.2221984863281,"y":100},{"x":50,"y":40}],"target":{"resourceId":"sid-941520C7-27AC-45DF-80A7-8FD8C7A19DB7"}},{"resourceId":"sid-E9A8A6AE-D8C2-4E66-87DC-8F6691788CA9","properties":{"overrideid":"","name":"","documentation":"","asynchronousdefinition":"false","exclusivedefinition":"false","executionlisteners":"","multiinstance_type":"None","multiinstance_cardinality":"","multiinstance_collection":"","multiinstance_variable":"","multiinstance_condition":"","isforcompensation":"false","usertasksendemail":true,"usertaskassignment":"","formkeydefinition":"","formreference":{"id":2,"name":"form 3","referenceId":4,"variablesmapping":[]},"fieldstovariables":"","duedatedefinition":"","prioritydefinition":"","categorydefinition":"","formproperties":"","tasklisteners":"","emailtemplate":""},"stencil":{"id":"UserTask"},"childShapes":[],"outgoing":[{"resourceId":"sid-6721A925-472C-4B85-BD93-41E71826DC9C"}],"bounds":{"lowerRight":{"x":670,"y":275},"upperLeft":{"x":570,"y":195}},"dockers":[]},{"resourceId":"sid-6721A925-472C-4B85-BD93-41E71826DC9C","properties":{"overrideid":"","name":"","documentation":"","conditionsequenceflow":"","executionlisteners":"","defaultflow":"false"},"stencil":{"id":"SequenceFlow"},"childShapes":[],"outgoing":[{"resourceId":"sid-958FA396-DF6D-46C7-8AD6-DFEAFDA2EACC"}],"bounds":{"lowerRight":{"x":717.7165360124701,"y":194.75308180095232},"upperLeft":{"x":661.505662473858,"y":140.24691819904768}},"dockers":[{"x":50,"y":40},{"x":50,"y":40}],"target":{"resourceId":"sid-958FA396-DF6D-46C7-8AD6-DFEAFDA2EACC"}},{"resourceId":"sid-774EC025-0BB5-4E91-8179-2288BED7EF17","properties":{"overrideid":"","name":"","documentation":"","conditionsequenceflow":"","executionlisteners":"","defaultflow":"false"},"stencil":{"id":"SequenceFlow"},"childShapes":[],"outgoing":[{"resourceId":"sid-E9A8A6AE-D8C2-4E66-87DC-8F6691788CA9"}],"bounds":{"lowerRight":{"x":569.7770202648803,"y":439.656950704576},"upperLeft":{"x":365.2229797351197,"y":275.343049295424}},"dockers":[{"x":50,"y":40},{"x":50,"y":40}],"target":{"resourceId":"sid-E9A8A6AE-D8C2-4E66-87DC-8F6691788CA9"}},{"resourceId":"sid-4A4903FA-D463-4438-8A2E-75C4957420DB","properties":{"overrideid":"sid-4A4903FA-D463-4438-8A2E-75C4957420DB","name":"","documentation":"","conditionsequenceflow":"","executionlisteners":{"executionListeners":[]},"defaultflow":"false"},"stencil":{"id":"SequenceFlow"},"childShapes":[],"outgoing":[{"resourceId":"sid-EA6A36AA-AB09-4E36-BE57-7001DC9BA361"}],"bounds":{"lowerRight":{"x":264.74326186348475,"y":477.66850183902767},"upperLeft":{"x":187.17080063651525,"y":474.06977941097233}},"dockers":[{"x":66,"y":66},{"x":50,"y":40}],"target":{"resourceId":"sid-EA6A36AA-AB09-4E36-BE57-7001DC9BA361"}}],"bounds":{"lowerRight":{"x":1200,"y":1050},"upperLeft":{"x":0,"y":0}},"stencilset":{"url":"stencilsets/bpmn2.0/bpmn2.0.json","namespace":"http://b3mn.org/stencilset/bpmn2.0#"},"ssextensions":[]}