<?xml version='1.0' encoding='UTF-8'?>
<definitions xmlns="http://www.omg.org/spec/BPMN/20100524/MODEL" xmlns:xsi="http://www.w3.org/2001/XMLSchema-instance" xmlns:xsd="http://www.w3.org/2001/XMLSchema" xmlns:activiti="http://activiti.org/bpmn" xmlns:bpmndi="http://www.omg.org/spec/BPMN/20100524/DI" xmlns:omgdc="http://www.omg.org/spec/DD/20100524/DC" xmlns:omgdi="http://www.omg.org/spec/DD/20100524/DI" typeLanguage="http://www.w3.org/2001/XMLSchema" expressionLanguage="http://www.w3.org/1999/XPath" targetNamespace="http://www.activiti.org/processdef" xmlns:modeler="http://activiti.com/modeler" modeler:version="1.0en" modeler:exportDateTime="20170922132049531" modeler:modelId="4" modeler:modelVersion="27" modeler:modelLastUpdated="1506072555057">
  <process id="DropdownMenuvariabletest" name="DropdownMenu variable test" isExecutable="true">
    <documentation>DropdownMenu variable test</documentation>
    <extensionElements>
      <modeler:executionvariables xmlns:modeler="http://activiti.com/modeler" modeler:variableName="name" modeler:variableType="string"/>
      <modeler:executionvariables xmlns:modeler="http://activiti.com/modeler" modeler:variableName="urlVariable" modeler:variableType="string"/>
      <modeler:executionvariables xmlns:modeler="http://activiti.com/modeler" modeler:variableName="test" modeler:variableType="string"/>
      <modeler:executionvariables xmlns:modeler="http://activiti.com/modeler" modeler:variableName="managerid" modeler:variableType="string"/>
      <modeler:executionvariables xmlns:modeler="http://activiti.com/modeler" modeler:variableName="ownerid" modeler:variableType="string"/>
      <modeler:executionvariables xmlns:modeler="http://activiti.com/modeler" modeler:variableName="website" modeler:variableType="string"/>
      <modeler:executionvariables xmlns:modeler="http://activiti.com/modeler" modeler:variableName="testcalendar" modeler:variableType="string"/>
      <modeler:executionvariables xmlns:modeler="http://activiti.com/modeler" modeler:variableName="theirwebsite" modeler:variableType="string"/>
      <modeler:executionvariables xmlns:modeler="http://activiti.com/modeler" modeler:variableName="client_secret" modeler:variableType="string"/>
      <modeler:executionvariables xmlns:modeler="http://activiti.com/modeler" modeler:variableName="host" modeler:variableType="string"/>
      <modeler:executionvariables xmlns:modeler="http://activiti.com/modeler" modeler:variableName="username" modeler:variableType="string"/>
      <modeler:executionvariables xmlns:modeler="http://activiti.com/modeler" modeler:variableName="password" modeler:variableType="string"/>
      <modeler:executionvariables xmlns:modeler="http://activiti.com/modeler" modeler:variableName="client_id" modeler:variableType="string"/>
      <modeler:executionvariables xmlns:modeler="http://activiti.com/modeler" modeler:variableName="name2" modeler:variableType="string"/>
      <modeler:executionvariables xmlns:modeler="http://activiti.com/modeler" modeler:variableName="account_id" modeler:variableType="string"/>
      <modeler:executionvariables xmlns:modeler="http://activiti.com/modeler" modeler:variableName="Phone" modeler:variableType="string"/>
      <modeler:executionvariables xmlns:modeler="http://activiti.com/modeler" modeler:variableName="Fax" modeler:variableType="string"/>
      <modeler:executionvariables xmlns:modeler="http://activiti.com/modeler" modeler:variableName="AccountNumber" modeler:variableType="string"/>
      <modeler:executionvariables xmlns:modeler="http://activiti.com/modeler" modeler:variableName="Sic" modeler:variableType="string"/>
      <modeler:executionvariables xmlns:modeler="http://activiti.com/modeler" modeler:variableName="Industry" modeler:variableType="string"/>
      <modeler:executionvariables xmlns:modeler="http://activiti.com/modeler" modeler:variableName="Photo" modeler:variableType="string"/>
      <modeler:executionvariables xmlns:modeler="http://activiti.com/modeler" modeler:variableName="newDate" modeler:variableType="date"/>
      <modeler:executionvariables xmlns:modeler="http://activiti.com/modeler" modeler:variableName="ownerName" modeler:variableType="string"/>
    </extensionElements>
    <startEvent id="startEvent1">
      <extensionElements>
        <modeler:editor-resource-id><![CDATA[startEvent1]]></modeler:editor-resource-id>
      </extensionElements>
    </startEvent>
    <userTask id="sid-2555F2D8-17E9-437E-B31A-FE50FB79476C" activiti:assignee="$INITIATOR" activiti:formKey="1">
      <extensionElements>
        <activiti:formProperty id="host" name="host" type="string" variable="host"/>
        <activiti:formProperty id="username" name="username" type="string" variable="username"/>
        <activiti:formProperty id="password" name="password" type="string" variable="password"/>
        <activiti:formProperty id="client_id" name="client_id" type="string" variable="client_id"/>
        <activiti:formProperty id="client_secret" name="client_secret" type="string" variable="client_secret"/>
        <modeler:allow-send-email><![CDATA[false]]></modeler:allow-send-email>
        <modeler:form-reference-id><![CDATA[1]]></modeler:form-reference-id>
        <modeler:form-reference-name><![CDATA[Test]]></modeler:form-reference-name>
        <modeler:initiator-can-complete><![CDATA[true]]></modeler:initiator-can-complete>
        <modeler:editor-resource-id><![CDATA[sid-2555F2D8-17E9-437E-B31A-FE50FB79476C]]></modeler:editor-resource-id>
      </extensionElements>
    </userTask>
    <serviceTask id="sid-EA6A36AA-AB09-4E36-BE57-7001DC9BA361" activiti:class="my.Test.MyJavaDelegate10">
      <extensionElements>
        <modeler:editor-resource-id><![CDATA[sid-EA6A36AA-AB09-4E36-BE57-7001DC9BA361]]></modeler:editor-resource-id>
      </extensionElements>
    </serviceTask>
    <endEvent id="sid-64E15B94-A251-4709-86B2-E6B812161920">
      <extensionElements>
        <modeler:editor-resource-id><![CDATA[sid-64E15B94-A251-4709-86B2-E6B812161920]]></modeler:editor-resource-id>
      </extensionElements>
    </endEvent>
    <serviceTask id="sid-5CAFC0F0-98F7-421D-8E50-23A7EE9FEFB7" activiti:class="my.Test.Salesforce">
      <extensionElements>
        <modeler:editor-resource-id><![CDATA[sid-5CAFC0F0-98F7-421D-8E50-23A7EE9FEFB7]]></modeler:editor-resource-id>
      </extensionElements>
    </serviceTask>
    <sequenceFlow id="sid-BC84DA97-5474-40F7-811C-C413F719A2BB" sourceRef="startEvent1" targetRef="sid-5CAFC0F0-98F7-421D-8E50-23A7EE9FEFB7">
      <extensionElements>
        <modeler:editor-resource-id><![CDATA[sid-BC84DA97-5474-40F7-811C-C413F719A2BB]]></modeler:editor-resource-id>
      </extensionElements>
    </sequenceFlow>
    <serviceTask id="sid-958FA396-DF6D-46C7-8AD6-DFEAFDA2EACC" activiti:class="my.Test.MyJavaDelegate11">
      <extensionElements>
        <modeler:editor-resource-id><![CDATA[sid-958FA396-DF6D-46C7-8AD6-DFEAFDA2EACC]]></modeler:editor-resource-id>
      </extensionElements>
    </serviceTask>
    <userTask id="sid-941520C7-27AC-45DF-80A7-8FD8C7A19DB7" activiti:assignee="$INITIATOR" activiti:formKey="3">
      <extensionElements>
        <modeler:allow-send-email><![CDATA[true]]></modeler:allow-send-email>
        <modeler:form-reference-id><![CDATA[3]]></modeler:form-reference-id>
        <modeler:form-reference-name><![CDATA[form2]]></modeler:form-reference-name>
        <modeler:activiti-idm-initiator><![CDATA[true]]></modeler:activiti-idm-initiator>
        <modeler:initiator-can-complete><![CDATA[false]]></modeler:initiator-can-complete>
        <modeler:editor-resource-id><![CDATA[sid-941520C7-27AC-45DF-80A7-8FD8C7A19DB7]]></modeler:editor-resource-id>
      </extensionElements>
    </userTask>
    <sequenceFlow id="sid-E045E7C4-ED59-49F4-94A5-D1D973727B68" sourceRef="sid-941520C7-27AC-45DF-80A7-8FD8C7A19DB7" targetRef="sid-64E15B94-A251-4709-86B2-E6B812161920">
      <extensionElements>
        <modeler:editor-resource-id><![CDATA[sid-E045E7C4-ED59-49F4-94A5-D1D973727B68]]></modeler:editor-resource-id>
      </extensionElements>
    </sequenceFlow>
    <sequenceFlow id="sid-14EFA3BD-51C3-4D9F-A553-C7412B1C5C64" sourceRef="sid-5CAFC0F0-98F7-421D-8E50-23A7EE9FEFB7" targetRef="sid-2555F2D8-17E9-437E-B31A-FE50FB79476C">
      <extensionElements>
        <modeler:editor-resource-id><![CDATA[sid-14EFA3BD-51C3-4D9F-A553-C7412B1C5C64]]></modeler:editor-resource-id>
      </extensionElements>
    </sequenceFlow>
    <sequenceFlow id="sid-CC9522A7-89CA-4C03-B9FD-9E63733866BD" sourceRef="sid-958FA396-DF6D-46C7-8AD6-DFEAFDA2EACC" targetRef="sid-941520C7-27AC-45DF-80A7-8FD8C7A19DB7">
      <extensionElements>
        <modeler:editor-resource-id><![CDATA[sid-CC9522A7-89CA-4C03-B9FD-9E63733866BD]]></modeler:editor-resource-id>
      </extensionElements>
    </sequenceFlow>
    <userTask id="sid-E9A8A6AE-D8C2-4E66-87DC-8F6691788CA9" activiti:assignee="$INITIATOR" activiti:formKey="2">
      <extensionElements>
        <modeler:allow-send-email><![CDATA[true]]></modeler:allow-send-email>
        <modeler:form-reference-id><![CDATA[2]]></modeler:form-reference-id>
        <modeler:form-reference-name><![CDATA[form 3]]></modeler:form-reference-name>
        <modeler:activiti-idm-initiator><![CDATA[true]]></modeler:activiti-idm-initiator>
        <modeler:editor-resource-id><![CDATA[sid-E9A8A6AE-D8C2-4E66-87DC-8F6691788CA9]]></modeler:editor-resource-id>
      </extensionElements>
    </userTask>
    <sequenceFlow id="sid-6721A925-472C-4B85-BD93-41E71826DC9C" sourceRef="sid-E9A8A6AE-D8C2-4E66-87DC-8F6691788CA9" targetRef="sid-958FA396-DF6D-46C7-8AD6-DFEAFDA2EACC">
      <extensionElements>
        <modeler:editor-resource-id><![CDATA[sid-6721A925-472C-4B85-BD93-41E71826DC9C]]></modeler:editor-resource-id>
      </extensionElements>
    </sequenceFlow>
    <sequenceFlow id="sid-774EC025-0BB5-4E91-8179-2288BED7EF17" sourceRef="sid-EA6A36AA-AB09-4E36-BE57-7001DC9BA361" targetRef="sid-E9A8A6AE-D8C2-4E66-87DC-8F6691788CA9">
      <extensionElements>
        <modeler:editor-resource-id><![CDATA[sid-774EC025-0BB5-4E91-8179-2288BED7EF17]]></modeler:editor-resource-id>
      </extensionElements>
    </sequenceFlow>
    <sequenceFlow id="sid-4A4903FA-D463-4438-8A2E-75C4957420DB" sourceRef="sid-2555F2D8-17E9-437E-B31A-FE50FB79476C" targetRef="sid-EA6A36AA-AB09-4E36-BE57-7001DC9BA361">
      <extensionElements>
        <modeler:editor-resource-id><![CDATA[sid-4A4903FA-D463-4438-8A2E-75C4957420DB]]></modeler:editor-resource-id>
      </extensionElements>
    </sequenceFlow>
  </process>
  <bpmndi:BPMNDiagram id="BPMNDiagram_DropdownMenuvariabletest">
    <bpmndi:BPMNPlane bpmnElement="DropdownMenuvariabletest" id="BPMNPlane_DropdownMenuvariabletest">
      <bpmndi:BPMNShape bpmnElement="startEvent1" id="BPMNShape_startEvent1">
        <omgdc:Bounds height="30.0" width="30.0" x="-155.0" y="463.0"/>
      </bpmndi:BPMNShape>
      <bpmndi:BPMNShape bpmnElement="sid-2555F2D8-17E9-437E-B31A-FE50FB79476C" id="BPMNShape_sid-2555F2D8-17E9-437E-B31A-FE50FB79476C">
        <omgdc:Bounds height="132.0" width="132.0" x="55.0" y="405.0"/>
      </bpmndi:BPMNShape>
      <bpmndi:BPMNShape bpmnElement="sid-EA6A36AA-AB09-4E36-BE57-7001DC9BA361" id="BPMNShape_sid-EA6A36AA-AB09-4E36-BE57-7001DC9BA361">
        <omgdc:Bounds height="80.0" width="100.0" x="265.0" y="440.0"/>
      </bpmndi:BPMNShape>
      <bpmndi:BPMNShape bpmnElement="sid-64E15B94-A251-4709-86B2-E6B812161920" id="BPMNShape_sid-64E15B94-A251-4709-86B2-E6B812161920">
        <omgdc:Bounds height="28.0" width="28.0" x="791.75" y="630.0"/>
      </bpmndi:BPMNShape>
      <bpmndi:BPMNShape bpmnElement="sid-5CAFC0F0-98F7-421D-8E50-23A7EE9FEFB7" id="BPMNShape_sid-5CAFC0F0-98F7-421D-8E50-23A7EE9FEFB7">
        <omgdc:Bounds height="80.0" width="100.0" x="-80.0" y="285.0"/>
      </bpmndi:BPMNShape>
      <bpmndi:BPMNShape bpmnElement="sid-958FA396-DF6D-46C7-8AD6-DFEAFDA2EACC" id="BPMNShape_sid-958FA396-DF6D-46C7-8AD6-DFEAFDA2EACC">
        <omgdc:Bounds height="80.0" width="100.0" x="709.2221984863281" y="60.0"/>
      </bpmndi:BPMNShape>
      <bpmndi:BPMNShape bpmnElement="sid-941520C7-27AC-45DF-80A7-8FD8C7A19DB7" id="BPMNShape_sid-941520C7-27AC-45DF-80A7-8FD8C7A19DB7">
        <omgdc:Bounds height="80.0" width="100.0" x="854.2221984863281" y="211.33333587646484"/>
      </bpmndi:BPMNShape>
      <bpmndi:BPMNShape bpmnElement="sid-E9A8A6AE-D8C2-4E66-87DC-8F6691788CA9" id="BPMNShape_sid-E9A8A6AE-D8C2-4E66-87DC-8F6691788CA9">
        <omgdc:Bounds height="80.0" width="100.0" x="570.0" y="195.0"/>
      </bpmndi:BPMNShape>
      <bpmndi:BPMNEdge bpmnElement="sid-774EC025-0BB5-4E91-8179-2288BED7EF17" id="BPMNEdge_sid-774EC025-0BB5-4E91-8179-2288BED7EF17">
        <omgdi:waypoint x="364.7959183673469" y="440.0"/>
        <omgdi:waypoint x="570.204081632653" y="275.0"/>
      </bpmndi:BPMNEdge>
      <bpmndi:BPMNEdge bpmnElement="sid-4A4903FA-D463-4438-8A2E-75C4957420DB" id="BPMNEdge_sid-4A4903FA-D463-4438-8A2E-75C4957420DB">
        <omgdi:waypoint x="187.0" y="474.0618556701031"/>
        <omgdi:waypoint x="265.0" y="477.680412371134"/>
      </bpmndi:BPMNEdge>
      <bpmndi:BPMNEdge bpmnElement="sid-BC84DA97-5474-40F7-811C-C413F719A2BB" id="BPMNEdge_sid-BC84DA97-5474-40F7-811C-C413F719A2BB">
        <omgdi:waypoint x="-131.24381914291368" y="465.8209484442345"/>
        <omgdi:waypoint x="-58.75816993464052" y="365.0"/>
      </bpmndi:BPMNEdge>
      <bpmndi:BPMNEdge bpmnElement="sid-14EFA3BD-51C3-4D9F-A553-C7412B1C5C64" id="BPMNEdge_sid-14EFA3BD-51C3-4D9F-A553-C7412B1C5C64">
        <omgdi:waypoint x="11.36986301369863" y="365.0"/>
        <omgdi:waypoint x="55.0" y="407.18543046357615"/>
      </bpmndi:BPMNEdge>
      <bpmndi:BPMNEdge bpmnElement="sid-CC9522A7-89CA-4C03-B9FD-9E63733866BD" id="BPMNEdge_sid-CC9522A7-89CA-4C03-B9FD-9E63733866BD">
        <omgdi:waypoint x="809.2221984863281" y="100.0"/>
        <omgdi:waypoint x="904.2221984863281" y="100.0"/>
        <omgdi:waypoint x="904.2221984863281" y="211.33333587646484"/>
      </bpmndi:BPMNEdge>
      <bpmndi:BPMNEdge bpmnElement="sid-E045E7C4-ED59-49F4-94A5-D1D973727B68" id="BPMNEdge_sid-E045E7C4-ED59-49F4-94A5-D1D973727B68">
        <omgdi:waypoint x="894.1910746366755" y="291.33333587646484"/>
        <omgdi:waypoint x="809.1554424633579" y="630.4204947944058"/>
      </bpmndi:BPMNEdge>
      <bpmndi:BPMNEdge bpmnElement="sid-6721A925-472C-4B85-BD93-41E71826DC9C" id="BPMNEdge_sid-6721A925-472C-4B85-BD93-41E71826DC9C">
        <omgdi:waypoint x="661.2510217737268" y="195.0"/>
        <omgdi:waypoint x="717.9711767126013" y="140.0"/>
      </bpmndi:BPMNEdge>
    </bpmndi:BPMNPlane>
  </bpmndi:BPMNDiagram>
</definitions>